{
  "AmbientStength": 1.0,
  "EnableDepthWrite": true,
  "EnableFxaa": true,
  "EnableHDR": false,
  "EnableSRGB": true,
  "EnableShadow": false,
  "EnableSkinRender": true,
  "FN_MaterialCount": 0,
  "Kajiya": [
    0.20000000298023224,
    0.20000000298023224,
    50.0,
    1.0,
    0.6000000238418579,
    0.5
  ],
  "LightColor": [
    1.0,
    1.0,
    1.0
  ],
  "LightDir": [
    0.0,
    0.0,
    -1.0
  ],
  "LightStrength": 2.799999952316284,
  "SkinSmooth": 0.6499999761581421,
  "SkinSpecularScale": 0.6000000238418579,
  "SkinSurfaceColor": [
    0.8999999761581421,
    0.699999988079071,
    0.8299999833106995
  ],
  "emissRadius": 1.0,
  "emissStrength": 0.0,
  "gamma": 0.7799999713897705,
  "hdrRotateX": 0.0,
  "hdrRotateY": 0.0
}