﻿<?xml version="1.0" encoding="utf-8"?>
<scene version="1.0">
	<anidrawable name="gou" offset="0">
        <item image="beijing.jpg" duration="124"/>
    </anidrawable>
	<background drawable="gou" x="0" y="0" width="1280" height="720" alignType="EAPT_CB">
    </background>
	<FacialObject file="qiann/nv-xiandai.c3b" neckBone="Bip001 Neck1" neckBone2="Bip001 Head" postion="0,5,0" scale="1,1,1", rotate="-90,0,0"  defaultAnimationClip="idle">
		<animation file="qiann/nv-xiandai.c3b" id="Take 001">
			<animationClip id="idle" start="1" end="63" fps="30" repeatmode="repeat"/>
			<animationClip id="捂嘴笑" start="64" end="232" fps="30" repeatmode="oneshot"/>
			<animationClip id="不忍直视" start="296" end="424" fps="30" repeatmode="oneshot"/>
			<animationClip id="biu~" start="488" end="578" fps="30" repeatmode="oneshot"/>
			<animationClip id="点头" start="642" end="749" fps="30" repeatmode="oneshot"/>
		</animation>
	</FacialObject>
	<light type="direct" ambient="0.8,0.8,0.8,0.8" diffuse="0.5,0.5,0.5,0.5" specular="0.0,0.0,0.0,0" orientation="0,1,1"/>
	<camera fov="12.0" near="1.0" far="1000.0"></camera>
</scene>
