﻿<?xml version="1.0" encoding="utf-8"?>
<models version="1.0">
	<drawable name="__.2" image="IMG20200302_151839.png"/>
	<drawable name="__" image="IMG20200302_151902.png"/>
	<model name="___1" faceCount="2" vertexCount="4" vertexDecl="3" drawable="__.2">
		<vertex pos="80.895164,15.297289,50.197357" uv="1.000000,1.000000"/>
		<vertex pos="-82.825256,15.297289,50.197357" uv="0.000000,1.000000"/>
		<vertex pos="-82.825256,-49.983139,50.197357" uv="0.000000,0.000000"/>
		<vertex pos="80.895164,-49.983139,50.197357" uv="1.000000,0.000000"/>
		<face index="0,1,2"/>
		<face index="3,0,2"/>
	</model>
	<model name="___2" faceCount="2" vertexCount="4" vertexDecl="3" drawable="__">
		<vertex pos="90.396400,157.981415,48.403934" uv="1.000000,1.000000"/>
		<vertex pos="-99.716873,157.981415,48.403934" uv="0.000000,1.000000"/>
		<vertex pos="-99.716873,56.495300,48.403934" uv="0.000000,0.000000"/>
		<vertex pos="90.396400,56.495300,48.403934" uv="1.000000,0.000000"/>
		<face index="0,1,2"/>
		<face index="3,0,2"/>
	</model>
</models>
