﻿<?xml version="1.0" encoding="utf-8"?>
<scene version="1.0">
	<anidrawable name="gou" offset="0">
        <item image="beijing.jpg" duration="124"/>
    </anidrawable>
	<background drawable="gou" x="0" y="0" width="1280" height="720" alignType="EAPT_CB">
    </background>
	<FacialObject file="fbxtest/jiumiNormal.c3t" neckBone="neck" neckBone2="neck01" postion="0,0,0" scale="1,1,1", rotate="0,0,0" defaultAnimationClip="idle">
		<animation file="fbxtest/jiumiNormal.c3t" id="Take 001">
			<animationClip id="idle" start="1" end="20" fps="24" repeatmode="repeat"/>
			<animationClip id="shengqi" start="51" end="124" fps="24" repeatmode="oneshot"/>
			<animationClip id="daku" start="124" end="280" fps="24" repeatmode="oneshot"/>
			<animationClip id="bixin" start="280" end="335" fps="24" repeatmode="oneshot"/>
			<animationClip id="ganxie" start="335" end="413" fps="24" repeatmode="oneshot"/>
		</animation>
	</FacialObject>
	<light type="direct" ambient="0.8,0.8,0.8,0.8" diffuse="0.3,0.3,0.3,0.3" specular="0.1,0.1,0.1,0" orientation="0,1,1"/>
</scene>
