﻿<?xml version="1.0" encoding="utf-8"?>
<scene version="1.0">
	<anidrawable name="gou" offset="0">
        <item image="beijing.jpg" duration="124"/>
    </anidrawable>
	<background drawable="gou" x="0" y="0" width="1280" height="720" alignType="EAPT_CB">
    </background>
	<FacialObject file="fbxtest/jiumi2.0.c3b" neckBone="zuizhong1:neck" neckBone2="zuizhong1:neck01" postion="0,0,0" scale="1,1,1", rotate="0,0,0" defaultAnimationClip="idle">
		<animation file="fbxtest/jiumi2.0.c3b" id="Take 001">
			<animationClip id="idle" start="651" end="700" fps="24" repeatmode="repeat"/>
			<animationClip id="daku" start="51" end="190" fps="24" repeatmode="oneshot"/>
			<animationClip id="shengqi" start="201" end="287" fps="24" repeatmode="oneshot"/>
			<animationClip id="bixin" start="301" end="352" fps="24" repeatmode="oneshot"/>
			<animationClip id="ganxie" start="401" end="453" fps="24" repeatmode="oneshot"/>
		</animation>
	</FacialObject>
	<light type="direct" ambient="0.7,0.7,0.7,1.0" diffuse="0.3,0.3,0.3,1.0" specular="0.05,0.5,0.5,0.1" orientation="-0.5,0.5,1"/>
	<npr lineWidth="0.18" lineColor="0.5,0.4,0.4,1.0" zOffset="0.9,10.0,0.0002"></npr>
	<camera fov="12.0" near="1.0" far="1000.0"></camera>
</scene>
