﻿<?xml version="1.0" encoding="utf-8"?>
<scene version="1.0">
	<anidrawable name="gou" offset="0">
        <item image="beijing.jpg" duration="124"/>
    </anidrawable>
	<background drawable="gou" x="0" y="0" width="1280" height="720" alignType="EAPT_CB">
    </background>
	<FacialObject file="qiann/qiann.c3b" neckBone="Bip001 Neck1" neckBone2="Bip001 Head" postion="0,-15,0" scale="1,1,1", rotate="-90,0,0"  defaultAnimationClip="idle">
		<animation file="qiann/qiann.c3b" id="Take 001">
			<animationClip id="idle" start="1" end="63" fps="30" repeatmode="repeat"/>
			<animationClip id="daku" start="64" end="143" fps="30" repeatmode="oneshot"/>
			<animationClip id="shengqi" start="227" end="312" fps="30" repeatmode="oneshot"/>
			<animationClip id="bixin" start="376" end="471" fps="30" repeatmode="oneshot"/>
			<animationClip id="ganxie" start="535" end="630" fps="30" repeatmode="oneshot"/>
		</animation>
	</FacialObject>
	<light type="direct" ambient="0.8,0.8,0.8,0.8" diffuse="0.5,0.5,0.5,0.5" specular="0.0,0.0,0.0,0" orientation="0,1,1"/>
	<camera fov="12.0" near="1.0" far="1000.0"></camera>
</scene>
